{
    "$schema": "https://json-schema.org/draft/2020-12/schema",
    "$id": "https://moviebuff.azurewebsites.net/schema.json",
    "title": "MovieBuff",
    "description": "CosmosDB schema for NoSQL reviews db",
    "type": "object",
    "properties": {
        "Reviews": {
            "description": "The reviews of the movie",
            "titleID": {
                "type": "string"
            },
            "type": "array",
            "review": {
                "description": "",
                "ReviewTextID":{
                    "type": "integer"
                },
                "ReviewID": {
                    "type": "integer"
                },
                "type": "string"
            }
        },
    "type": "object"
    },
    "required": [ "id" ]
  }