{
    "$schema": "https://json-schema.org/draft/2020-12/schema",
    "$id": "https://moviebuff.azurewebsites.net/schema.json",
    "title": "MovieBuff",
    "description": "CosmosDB schema for main NoSQL db",
    "type": "object",
    "properties": {
      "movie": {
        "TitleId": {
            "description": "The unique identifier for a product",
            "type": "string"
        },
        "Title": {
            "description": "The title of the movie",
            "type": "string"
        },
        "OriginalTitle": {
            "description": "The original title of the movie",
            "type": "string"
        },
        "Description": {
            "description": "The synopsis of the movie",
            "type": "string"
        },
        "Year": {
            "description": "The year the movie was released",
            "type": "integer"
        },
        "ProductionCompany": {
            "description": "The production company of the movie",
            "type": "string"
        },
        "Budget": {
            "description": "The budget of the movie",
            "type": "string"
        },
        "Duration": {
            "description": "The duration of the movie in minutes",
            "type": "integer"
        },
        "Country": {
            "description": "The country of the movie",
            "type": "string"
        },
        "Language": {
            "description": "The language or languages of the movie",
            "type": "string"
        },
        "Tagline": {
            "description": "The tagline of the movie",
            "type": "string"
        },
        "Keywords": {
            "description": "The keywords for the movie",
            "type": "string"
        },
        "UserReviews": {
            "description": "The average reviews from users for the movie",
            "type": "number"
        },
        "CriticReviews": {
            "description": "The average reviews from critics for the movie",
            "type": "number"
        },
        "Actors": {
            "type": "array",
            "Actor":{
                "type": "string"
            }
        },
        "Directors": {
            "type": "array",
            "Director":{
                "type": "string"
            }
        },
        "Writers": {
            "type": "array",
            "Writer":{
                "type": "string"
            }
        },

        "type": "object"
      }
    },
    "required": [ "id" ]
  }